Experiment,Exp1: Group_Complexity,Exp2: Group_MFCC,Exp3: Combined_All,Exp4: Spotify_Popularity
Debut_Score,0.503318230381109,0.521839492790355,0.517484071714328,0.491273560995391
Kurtosis,0.517444178628389,0.524421850079745,0.522228867623604,0.567783094098884
Length,0.472132424537488,0.516475170399221,0.488782862706913,0.562901655306719
Max,0.558766233766234,0.585714285714286,0.577435064935065,0.556006493506493
Mean,0.516883116883117,0.525974025974026,0.550649350649351,0.532792207792208
Skewness,0.493988769717068,0.485709736795098,0.487154296010376,0.507537337195847
Std,0.545266239268687,0.52814749509976,0.514199998288126,0.513010245568385
Sum,0.509022449559534,0.484512645637965,0.48643080420574,0.545680591077011
