Target_Metric,Exp1: Group_Complexity,Exp2: Group_MFCC,Exp3: Combined_All,Exp4: Spotify_Popularity
Debut_Score,0.5,0.5775462962962963,0.5899884259259259,0.505787037037037
Kurtosis,0.46904761904761905,0.5351190476190477,0.5205357142857143,0.5904761904761905
Length,0.509046052631579,0.4451754385964912,0.47341008771929827,0.5671600877192983
Max,0.5037164093767867,0.5863350485991996,0.6389365351629502,0.5441680960548885
Mean,0.47171945701357465,0.5257352941176471,0.5497737556561086,0.5322398190045249
Skewness,0.5434812101478768,0.479310812644146,0.48066748066748066,0.48894315560982227
Std,0.5587478559176673,0.5547455688965123,0.5708976558033162,0.5626072041166381
Sum,0.43529411764705883,0.46372549019607845,0.507563025210084,0.5593837535014006
Average,0.49888159022277023,0.5209616246206773,0.5414715850538597,0.543845667939975



training,2013,2014,2009
val,2017
test,2023



Data Shapes
traing_data(%),71.70963364993216
Train,1057
Val,245
Test,172
