Target_Metric,Exp1: Group_Complexity,Exp2: Group_MFCC,Exp3: Combined_All,Exp4: Spotify_Popularity
Debut_Score,0.5128787878787878,0.5178030303030303,0.571590909090909,0.5477272727272727
Kurtosis,0.5206600831600832,0.5191008316008316,0.4889553014553014,0.6430613305613306
Length,0.49949558638083225,0.5381462799495587,0.4978562421185372,0.623203026481715
Max,0.4841269841269841,0.5357142857142857,0.5396825396825398,0.5714285714285714
Mean,0.49884259259259256,0.46875,0.4699074074074074,0.49537037037037035
Skewness,0.5387680242853529,0.49386541866936506,0.5471161143435366,0.566089046293954
Std,0.5609848484848485,0.5598484848484848,0.5556818181818182,0.5848484848484848
Sum,0.5470550576184379,0.48546734955185655,0.510819462227913,0.5807298335467349
Average,0.5203514955659899,0.5148369600796766,0.5227012243134952,0.5765572420323042



training,2012,2023,2013
val,2021
test,2018



Data Shapes
traing_data(%),68.01526717557252
Train,891
Val,167
Test,252
