Target_Metric,Exp1: Group_Complexity,Exp2: Group_MFCC,Exp3: Combined_All,Exp4: Spotify_Popularity
Debut_Score,0.5431023521932612,0.45562619198982834,0.5678957406230134,0.5483788938334393
Kurtosis,0.47706879361914256,0.5505982053838485,0.5766450648055832,0.6236291126620139
Length,0.5084928229665072,0.5117224880382775,0.5252392344497607,0.5673444976076555
Max,0.562878787878788,0.5465909090909091,0.5458333333333333,0.5450757575757575
Mean,0.4906306306306306,0.5526126126126125,0.4708108108108108,0.5003603603603604
Skewness,0.5174550220421781,0.4497795782199452,0.44906469677111877,0.43601811033003696
Std,0.4697297297297297,0.5409009009009009,0.5286486486486487,0.5167567567567568
Sum,0.5212918660287081,0.5551435406698564,0.4702153110047847,0.5375598086124401
Average,0.5113312506361183,0.5203718033632723,0.5167941050558817,0.5343904122173075



training,2019,2011,2012
val,2010
test,2022



Data Shapes
traing_data(%),63.07911617961511
Train,885
Val,332
Test,186
