Target_Metric,Exp1: Group_Complexity,Exp2: Group_MFCC,Exp3: Combined_All,Exp4: Spotify_Popularity
Debut_Score,0.49137931034482757,0.48192049808429116,0.5134099616858238,0.5131704980842912
Kurtosis,0.5461693668031571,0.5635867307578186,0.521363717286808,0.586404367693312
Length,0.481547619047619,0.5714285714285714,0.506547619047619,0.5964285714285714
Max,0.5195352477274096,0.542652459213774,0.5069231232315935,0.5375353681295527
Mean,0.497210848020889,0.4956975847130734,0.5289893774850157,0.5285739718711056
Skewness,0.5210978008224566,0.4562250432087729,0.4517551701531677,0.48536861553131894
Std,0.49159294811468723,0.5506305288913984,0.523056653491436,0.536263253654558
Sum,0.47452535448209565,0.5532323960586397,0.5902427301129536,0.6187815428983418
Average,0.5028823119203928,0.5269217265445425,0.5177860440618022,0.5503157736613814



training,2023,2018,2009
val,2015
test,2016



Data Shapes
traing_data(%),57.16417910447761
Train,766
Val,314
Test,260
