Target_Metric,Exp1: Group_Complexity,Exp2: Group_MFCC,Exp3: Combined_All,Exp4: Spotify_Popularity
Debut_Score,0.5449810606060606,0.5017755681818181,0.5124289772727273,0.5281723484848485
Kurtosis,0.5633893503315949,0.5233726096194707,0.5250788745090464,0.5809992917391025
Length,0.5089285714285714,0.569047619047619,0.5827380952380952,0.6172619047619048
Max,0.4841766493831575,0.5567971869598903,0.5734847130341498,0.5633827999284821
Mean,0.4851061299720554,0.5543730305012189,0.4941435281526845,0.5128128901837208
Skewness,0.5038461538461538,0.49230769230769234,0.48846153846153845,0.5038461538461538
Std,0.528509423865866,0.5103751709376301,0.4695879659908437,0.495302931208752
Sum,0.5152433368375486,0.5595201286253169,0.567713808669841,0.6244202584874158
Average,0.516772584533876,0.5334461257725821,0.5267046876661158,0.5532748223300475



training,2012,2013,2014
val,2015
test,2016



Data Shapes
traing_data(%),64.95726495726495
Train,1064
Val,314
Test,260
