Target_Metric,Exp1: Group_Complexity,Exp2: Group_MFCC,Exp3: Combined_All,Exp4: Spotify_Popularity
Debut_Score,0.44200488665671234,0.4982014388489209,0.5123523822451472,0.5017985611510791
Kurtosis,0.5329719039825422,0.5088652482269503,0.5336879432624113,0.5502250409165302
Length,0.5603678929765886,0.5590301003344482,0.5324414715719064,0.6346153846153846
Max,0.5256769374416433,0.5641923436041083,0.5697945845004668,0.584267040149393
Mean,0.46405228758169936,0.5144724556489262,0.5252100840336135,0.5618580765639589
Skewness,0.5539688924644677,0.5059667471171896,0.5432421560740145,0.5154867256637168
Std,0.5333333333333333,0.5059523809523809,0.4952380952380952,0.4869047619047619
Sum,0.499798305768455,0.5342880193626462,0.5218165927121151,0.6260252790103537
Average,0.5140218050256803,0.5238710917619464,0.5292229137047212,0.5576476087468972



training,2013,2014,2015
val,2016
test,2017



Data Shapes
traing_data(%),67.07953063885267
Train,1029
Val,260
Test,245
