Target_Metric,Exp1: Group_Complexity,Exp2: Group_MFCC,Exp3: Combined_All,Exp4: Spotify_Popularity
Debut_Score,0.4290038525041277,0.547660979636764,0.5666483214089157,0.5594936708860759
Kurtosis,0.48505603985056034,0.49581116268538433,0.49167893128042567,0.5281331370995132
Length,0.5152941176470589,0.5405042016806723,0.50890756302521,0.5964145658263306
Max,0.49742184982275217,0.5598345686969599,0.5109571382533032,0.5612310667096359
Mean,0.49872349872349875,0.49666999666999667,0.5957930957930958,0.5058830058830058
Skewness,0.5529505582137162,0.5026581605528974,0.5710260499734184,0.5689526847421584
Std,0.5441780441780442,0.5204240204240205,0.5424575424575424,0.522977022977023
Sum,0.55625,0.4932017543859649,0.581359649122807,0.6084429824561404
Average,0.5098597451174698,0.5195956055915825,0.5461035364143398,0.5564410170724854



training,2015,2016,2017
val,2018
test,2019



Data Shapes
traing_data(%),64.74308300395258
Train,819
Val,252
Test,194
