Target_Metric,Exp1: Group_Complexity,Exp2: Group_MFCC,Exp3: Combined_All,Exp4: Spotify_Popularity
Debut_Score,0.5543710021321961,0.482064467578076,0.49604916593503073,0.5525523642292738
Kurtosis,0.5013302486986697,0.5536726431463274,0.5218623481781377,0.6518218623481782
Length,0.5257374204742626,0.5917293233082707,0.5392134181607866,0.6316946211683054
Max,0.5292397660818713,0.5325292397660819,0.5657894736842105,0.5493421052631579
Mean,0.48194444444444445,0.49756944444444445,0.528125,0.5430555555555555
Skewness,0.5799528301886792,0.5205188679245283,0.5237028301886792,0.5129716981132075
Std,0.5079737335834896,0.5053939962476548,0.5336538461538461,0.5259146341463414
Sum,0.5489130434782609,0.4254162812210916,0.4843894542090657,0.5750462534690102
Average,0.5286828111352342,0.5136117829545593,0.5240981920637197,0.5677998867866287



training,2018,2019,2020
val,2021
test,2022



Data Shapes
traing_data(%),63.868986693961105
Train,624
Val,167
Test,186
