Target_Metric,Exp1: Group_Complexity,Exp2: Group_MFCC,Exp3: Combined_All,Exp4: Spotify_Popularity
Debut_Score,0.5395053899809765,0.45751426759670255,0.4642358909321497,0.5010779961953076
Kurtosis,0.4653554175293305,0.5562456866804693,0.5318840579710145,0.6273291925465838
Length,0.5512820512820513,0.5662820512820512,0.582051282051282,0.6093589743589743
Max,0.5019940179461615,0.5689360489958695,0.5903717419171058,0.6026207093006695
Mean,0.5141978922716628,0.4759953161592506,0.5007318501170961,0.5033665105386417
Skewness,0.5116205633447013,0.46918024504231404,0.49014778325123154,0.4914108879626121
Std,0.514929785661493,0.5584626755358463,0.5470066518847007,0.523059866962306
Sum,0.5484615384615384,0.5725641025641026,0.4985897435897436,0.6401282051282051
Average,0.5184183320597393,0.5281475492320757,0.5256273752142904,0.5622940428741625



training,2016,2017,2018
val,2019
test,2020



Data Shapes
traing_data(%),67.0504871567759
Train,757
Val,194
Test,178
