Target_Metric,Exp1: Group_Complexity,Exp2: Group_MFCC,Exp3: Combined_All,Exp4: Spotify_Popularity
Debut_Score,0.5351626016260163,0.4813821138211382,0.5028455284552845,0.49390243902439024
Kurtosis,0.46846179183135706,0.5282032279314888,0.4842308959156785,0.6107954545454546
Length,0.4909722222222222,0.5310049019607843,0.5438316993464052,0.6504901960784314
Max,0.5232142857142856,0.5890827922077921,0.5990665584415584,0.6405844155844156
Mean,0.5110107633304466,0.5691574910305579,0.5546826673264877,0.5833024042228545
Skewness,0.4967897599476547,0.5009201324990799,0.430806036069194,0.4938044411728622
Std,0.4783623594365282,0.48749644785450413,0.5102098810538709,0.5030243981650631
Sum,0.5171568627450981,0.540890522875817,0.5176470588235293,0.5858660130718955
Average,0.5026413308567012,0.5285172037726453,0.5179150406790011,0.5702212202331709



training,2011,2012,2013
val,2014
test,2015



Data Shapes
traing_data(%),61.686046511627914
Train,1061
Val,345
Test,314
