Target_Metric,Exp1: Group_Complexity,Exp2: Group_MFCC,Exp3: Combined_All,Exp4: Spotify_Popularity
Debut_Score,0.5256662524164595,0.5105633802816901,0.502278376139188,0.5126864125932062
Kurtosis,0.48947828425440365,0.5266404464165658,0.5275312626058895,0.6089485007395454
Length,0.47148214285714285,0.5443214285714286,0.5453392857142857,0.6335178571428571
Max,0.5287885766927682,0.5479864446930315,0.5377706126209121,0.6787688359544647
Mean,0.5299555967923653,0.5539797203260654,0.5616011664126185,0.5753529060905296
Skewness,0.5082954769899269,0.5311903351109356,0.4762163407729278,0.534712620975706
Std,0.5298368298368298,0.5467532467532468,0.5137529137529138,0.6053779553779554
Sum,0.5387228709017745,0.5157002440794247,0.5111155089385844,0.6457714888844911
Average,0.5152782538427089,0.5346419057790486,0.521950683369665,0.5993920722198445



training,2008,2009,2010
val,2011
test,2012



Data Shapes
traing_data(%),59.661412726211324
Train,1022
Val,342
Test,349
