Target_Metric,Exp1: Group_Complexity,Exp2: Group_MFCC,Exp3: Combined_All,Exp4: Spotify_Popularity
Debut_Score,0.5208333333333333,0.5049939467312349,0.533091202582728,0.5277441485068604
Kurtosis,0.5098810244000807,0.5215769308328292,0.47267594273038915,0.6092962290784432
Length,0.5363240418118467,0.514808362369338,0.5045296167247386,0.631445993031359
Max,0.5731978192098002,0.5637746516793432,0.5496399003836575,0.6298714410715488
Mean,0.5784615384615385,0.5523076923076923,0.5538461538461539,0.5423076923076923
Skewness,0.5328839869281046,0.49101307189542487,0.48912377450980393,0.4897875816993464
Std,0.5330711837063924,0.5735531357128454,0.5650332728372656,0.5619076426698931
Sum,0.5120818469408359,0.5184929662785218,0.5620246348522582,0.6157030356061116
Average,0.5370918468489916,0.5300650947259037,0.5287455623083743,0.5760079704964067



training,2010,2011,2012
val,2013
test,2014



Data Shapes
traing_data(%),58.86075949367089
Train,1023
Val,370
Test,345
