Target_Metric,Exp1: Group_Complexity,Exp2: Group_MFCC,Exp3: Combined_All,Exp4: Spotify_Popularity
Debut_Score,0.5016550810989738,0.49718636213174444,0.5472525653757034,0.5364945382323734
Kurtosis,0.4941148775894538,0.5296610169491525,0.48344318895166355,0.6555241682360327
Length,0.48499845344880915,0.5776368697803898,0.5294618001855862,0.6470770182493041
Max,0.5687300203429235,0.5962656204591689,0.5801365882011044,0.5719994187736124
Mean,0.49208144796380093,0.5592760180995475,0.49766214177978885,0.4941930618401207
Skewness,0.5071059431524547,0.4898076370944588,0.5404823428079242,0.532156187194947
Std,0.5838006230529595,0.5364485981308411,0.5437694704049845,0.5447819314641744
Sum,0.5181159420289856,0.49689440993788814,0.5009612540668441,0.6583111505471754
Average,0.5188252985847951,0.5353970665728989,0.5278961689716999,0.5800671843172175



training,2017,2018,2019
val,2020
test,2021



Data Shapes
traing_data(%),66.6988416988417
Train,691
Val,178
Test,167
