Target_Metric,Exp1: Group_Complexity,Exp2: Group_MFCC,Exp3: Combined_All,Exp4: Spotify_Popularity
Debut_Score,0.4935606060606061,0.5166666666666666,0.5382575757575758,0.5382575757575758
Kurtosis,0.5202279202279203,0.5786324786324786,0.5324786324786325,0.6276353276353277
Length,0.5027742749054225,0.5435687263556116,0.5563682219419924,0.6418032786885246
Max,0.5486270022883295,0.5747520976353928,0.5280320366132724,0.5556826849733028
Mean,0.5263157894736842,0.517470145953118,0.5119416187527642,0.5285272003538257
Skewness,0.5071604315185162,0.5230584821146931,0.5284840073181503,0.4861838369818939
Std,0.5213675213675214,0.5444444444444445,0.5472934472934473,0.5216524216524216
Sum,0.4986759142496847,0.5469104665825977,0.5502522068095839,0.6343631778058008
Average,0.5148386825114606,0.5431879385481253,0.5366384683706774,0.5667631879810842



training,2014,2015,2016
val,2017
test,2018



Data Shapes
traing_data(%),64.90112994350282
Train,919
Val,245
Test,252
