Target_Metric,Exp1: Group_Complexity,Exp2: Group_MFCC,Exp3: Combined_All,Exp4: Spotify_Popularity
Debut_Score,0.4942939244663383,0.5070607553366173,0.5221674876847291,0.5116995073891626
Kurtosis,0.551575698505523,0.539311241065627,0.5315139701104613,0.6349496426250811
Length,0.5434863293331684,0.5776320673017443,0.5708070435894264,0.6527279475442286
Max,0.5605095541401274,0.5828025477707006,0.589171974522293,0.6050955414012739
Mean,0.5127612091702172,0.5510854128626497,0.5415702982349361,0.5476973016839115
Skewness,0.5317370129870129,0.5237012987012987,0.4883522727272727,0.4980925324675325
Std,0.5174156619169407,0.5358868184955141,0.5228149230706776,0.5195469492144684
Sum,0.557286799658717,0.5365457278673871,0.5554381830739853,0.6460000812578719
Average,0.5336332737722556,0.5442532336751924,0.5402295191267226,0.5769761879479414



training,2017,2022,2014
val,2008
test,2015



Data Shapes
traing_data(%),53.963838664812236
Train,776
Val,348
Test,314
