Target_Metric,Exp1: Group_Complexity,Exp2: Group_MFCC,Exp3: Combined_All,Exp4: Spotify_Popularity
Debut_Score,0.5134882478632479,0.4779647435897436,0.47502670940170943,0.526542467948718
Kurtosis,0.5,0.5468939088342074,0.535699878983461,0.6651539599300793
Length,0.5465514877279583,0.5723296311531606,0.5492595639654463,0.636740710270122
Max,0.5071644042232277,0.585047305635541,0.5843274372686138,0.5962909639380227
Mean,0.517033189422558,0.5241837560712358,0.5555180787911494,0.5618928764166218
Skewness,0.5331508515815085,0.5442011354420113,0.5595093268450932,0.5370708299540417
Std,0.47229326513213976,0.5822321682296108,0.5811310031258881,0.576797385620915
Sum,0.5607023411371237,0.5550167224080268,0.5790969899665552,0.6551839464882943
Average,0.5187979733859706,0.5484836714204422,0.5524461235434894,0.5944591425708518



training,2023,2015,2022
val,2012
test,2017



Data Shapes
traing_data(%),53.08056872037915
Train,672
Val,349
Test,245
