Target_Metric,Exp1: Group_Complexity,Exp2: Group_MFCC,Exp3: Combined_All,Exp4: Spotify_Popularity
Debut_Score,0.5328870096311957,0.5593727977448908,0.48484848484848486,0.5241073525957247
Kurtosis,0.5457195784870479,0.5035986516444471,0.5225636976525252,0.6122718576330894
Length,0.49599358974358976,0.5701923076923077,0.5269230769230769,0.6496794871794871
Max,0.5459459459459459,0.5648648648648649,0.5783783783783785,0.6135135135135135
Mean,0.5,0.5,0.5649628825445263,0.5526246295589918
Skewness,0.5423976608187134,0.4830409356725146,0.5171052631578947,0.5280701754385965
Std,0.5214165857105008,0.5846212723365422,0.5597456504459949,0.5622332126350496
Sum,0.5128205128205128,0.5204178537511871,0.518014007597341,0.6174026590693258
Average,0.5246476103946882,0.5357635854633442,0.5340676801935278,0.5824878609529722



training,2014,2022,2009
val,2018
test,2013



Data Shapes
traing_data(%),58.39464882943144
Train,873
Val,252
Test,370
