Target_Metric,Exp1: Group_Complexity,Exp2: Group_MFCC,Exp3: Combined_All,Exp4: Spotify_Popularity
Debut_Score,0.47575,0.48626785714285714,0.5176964285714285,0.4863571428571428
Kurtosis,0.45682054842068726,0.5009545296771954,0.5044081916001388,0.6094411662617146
Length,0.45864285714285713,0.5318571428571428,0.5471071428571428,0.6101607142857143
Max,0.549562101910828,0.5579883227176221,0.5438395700636942,0.641968550955414
Mean,0.5177417159964619,0.47946859903381644,0.5116860583792611,0.5158195550112268
Skewness,0.46696622555796957,0.4397919547040622,0.44175060899335045,0.4599545723879123
Std,0.5294942892982109,0.505380603419819,0.5233379547105037,0.5292962302766224
Sum,0.4509763897394026,0.517418520786555,0.5039804041641152,0.613220385112608
Average,0.4882442660083022,0.5023909412923838,0.5117257949174543,0.5582772896435444



training,2008,2017,2023
val,2022
test,2012



Data Shapes
traing_data(%),58.84615384615385
Train,765
Val,186
Test,349
