Target_Metric,Exp1: Group_Complexity,Exp2: Group_MFCC,Exp3: Combined_All,Exp4: Spotify_Popularity
Debut_Score,0.5811878952122854,0.5193089430894309,0.5748644986449865,0.5163730803974707
Kurtosis,0.5055614096709987,0.5577215782695235,0.5757522538344456,0.5702493853178785
Length,0.5039492713316276,0.5095116253198354,0.5392702191567471,0.5351540772054734
Max,0.5701754385964912,0.5482456140350878,0.6140350877192982,0.5723684210526315
Mean,0.5227474901512263,0.5113737450756132,0.5361545304358877,0.5426991993900114
Skewness,0.5162898936170213,0.47650709219858156,0.5289228723404256,0.4946808510638298
Std,0.5281159420289855,0.4805797101449275,0.4910144927536232,0.4979710144927536
Sum,0.49202097980136145,0.4968753487334003,0.5126101997544916,0.5252761968530298
Average,0.5275060400512497,0.5125154571082999,0.5465780193299881,0.5318465282216348



training,2023,2009,2010
val,2012
test,2024



Data Shapes
traing_data(%),61.08303249097473
Train,846
Val,349
Test,190
