Target_Metric,Exp1: Group_Complexity,Exp2: Group_MFCC,Exp3: Combined_All,Exp4: Spotify_Popularity
Debut_Score,0.5260701275045537,0.536316029143898,0.5282331511839709,0.5323315118397085
Kurtosis,0.47188069216757744,0.5571493624772312,0.5060336976320583,0.5248178506375227
Length,0.5002240896358543,0.523249299719888,0.4913725490196078,0.5556862745098039
Max,0.507051282051282,0.5592948717948718,0.5306623931623932,0.5266025641025641
Mean,0.5158021298522845,0.5399633573800526,0.5263941371808084,0.5052673766174282
Skewness,0.4787234042553191,0.5106382978723404,0.4991489361702128,0.5090425531914894
Std,0.5106858054226475,0.529611908559277,0.5333864965443913,0.5342371079213185
Sum,0.5452033598585322,0.49613174182139697,0.5242042440318303,0.5740495137046862
Average,0.5069551113435063,0.5315443585961195,0.5174294506156591,0.5327543440655652



training,2008,2009,2018
val,2016
test,2019



Data Shapes
traing_data(%),67.47851002865329
Train,942
Val,260
Test,194
