Target_Metric,Exp1: Group_Complexity,Exp2: Group_MFCC,Exp3: Combined_All,Exp4: Spotify_Popularity
Debut_Score,0.5305882352941176,0.5036134453781512,0.5015126050420168,0.496890756302521
Kurtosis,0.46714285714285714,0.517563025210084,0.5092436974789916,0.6490756302521008
Length,0.44512195121951215,0.5508710801393728,0.5280487804878049,0.6501742160278745
Max,0.5618686868686869,0.602020202020202,0.6305555555555555,0.6108585858585858
Mean,0.5702475147088659,0.5575167376749848,0.546865489957395,0.5496043822276324
Skewness,0.5152131522323831,0.5436054330285099,0.4877454276492738,0.5470515061861216
Std,0.567851861809383,0.5567784648474258,0.5535354214276113,0.576724022045974
Sum,0.48140607121222323,0.49559130376253613,0.5422528101231743,0.6380998855758229
Average,0.5174300413110037,0.5409449615076583,0.5374699734652278,0.5898098730595791



training,2013,2011,2015
val,2012
test,2014



Data Shapes
traing_data(%),59.651162790697676
Train,1026
Val,349
Test,345
