Target_Metric,Exp1: Group_Complexity,Exp2: Group_MFCC,Exp3: Combined_All,Exp4: Spotify_Popularity
Debut_Score,0.5012682308180089,0.4921369689283449,0.44635383639822446,0.45466074825618263
Kurtosis,0.4779288025889967,0.5027831715210356,0.48278317152103556,0.5586407766990291
Length,0.47935897435897434,0.47961538461538455,0.4791025641025641,0.5525641025641026
Max,0.5930727296902008,0.5628905730620928,0.6148118601249835,0.5822364047334131
Mean,0.4802622498274672,0.5394064872325741,0.48743961352657006,0.5012422360248447
Skewness,0.4981003039513678,0.48834853090172237,0.47998986828774065,0.5127912867274569
Std,0.49118072923522443,0.5384362248255891,0.6040542319336579,0.6062919573515861
Sum,0.4485999232834676,0.471359161232579,0.4877253548139624,0.515343306482547
Average,0.4962214929692135,0.5093720627899153,0.5102825625885924,0.5354713523548953



training,2019,2021,2014
val,2013
test,2020



Data Shapes
traing_data(%),56.29984051036683
Train,706
Val,370
Test,178
