Target_Metric,Exp1: Group_Complexity,Exp2: Group_MFCC,Exp3: Combined_All,Exp4: Spotify_Popularity
Debut_Score,0.518595041322314,0.5159899389148401,0.6153431548688466,0.5625224577793748
Kurtosis,0.4677777777777778,0.45521367521367523,0.49068376068376074,0.542991452991453
Length,0.4970419202163624,0.6240703177822853,0.6111392832995267,0.6039553752535497
Max,0.4966666666666667,0.5939855072463768,0.5752173913043479,0.5739855072463769
Mean,0.4865746359223301,0.5555976941747574,0.5239684466019418,0.5210103155339806
Skewness,0.4822094691535151,0.46614060258249645,0.5697991391678623,0.5794117647058823
Std,0.5172463768115942,0.5530434782608695,0.5204347826086957,0.511304347826087
Sum,0.4889359698681732,0.5728185812931575,0.4672787193973635,0.6200564971751412
Average,0.4943809822173416,0.5421074744335573,0.5467330847415431,0.5644047148139807



training,2011,2018,2024
val,2009
test,2021



Data Shapes
traing_data(%),60.63418406805879
Train,784
Val,342
Test,167
